{
  "epoch_jd": 2460000.5,
  "frame": "heliocentric ecliptic",
  "units": {
    "position": "AU",
    "velocity": "AU/day"
  },
  "planets": {
    "sun": {
      "pos": [
        0.00,
        0.00
      ],
      "vel": [
        0.00000,
        0.00000
      ]
    },
    "mercury": {
      "pos": [
        0.03418,
        -0.12988
      ],
      "vel": [
        0.00731,
        0.00257
      ]
    },
    "venus": {
      "pos": [
        0.16213,
        0.16834
      ],
      "vel": [
        -0.00507,
        0.004
      ]
    },
    "earth": {
      "pos": [
        -0.30315,
        0.12506
      ],
      "vel": [
        -0.00246,
        -0.00486
      ]
    },
    "mars": {
      "pos": [
        -0.22127,
        0.45039
      ],
      "vel": [
        -0.00412,
        -0.00141
      ]
    },
    "jupiter": {
      "pos": [
        1.58782,
        0.4668
      ],
      "vel": [
        -0.00078,
        0.00233
      ]
    },
    "saturn": {
      "pos": [
        2.78686,
        -1.58528
      ],
      "vel": [
        0.0009,
        0.00148
      ]
    },
    "uranus": {
      "pos": [
        4.43596,
        4.50308
      ],
      "vel": [
        -0.00099,
        0.00075
      ]
    },
    "neptune": {
      "pos": [
        10.0,
        -0.76928
      ],
      "vel": [
        9e-05,
        0.00098
      ]
    }
  },
  "scale_factor": 2.244947182029634e-09
}